epoch,cert_bound,rho_inf,obs_kappa,optimizer,activation,loss
1,2.198194516244814,0.13648223876953125,0.1543431580066681,adamw,tanh,quadratic
50,2.132304615680385,0.13664430379867554,0.15812459588050842,adamw,tanh,quadratic
100,1.9614061377220111,0.13004398345947266,0.15946030616760254,adamw,tanh,quadratic
150,1.7688406893655206,0.12216687202453613,0.16065379977226257,adamw,tanh,quadratic
200,1.5732884463619676,0.11375898122787476,0.16114675998687744,adamw,tanh,quadratic
250,1.3957317852319944,0.10502105951309204,0.159479022026062,adamw,tanh,quadratic
300,1.2128723712964444,0.09516870975494385,0.1519991010427475,adamw,tanh,quadratic
350,1.0800513978714428,0.08410018682479858,0.1424231380224228,adamw,tanh,quadratic
400,0.9518187756985387,0.07240927219390869,0.13657055795192719,adamw,tanh,quadratic
450,0.8225130771894597,0.06088888645172119,0.13301359117031097,adamw,tanh,quadratic
500,0.6899881496718557,0.04978930950164795,0.13219048082828522,adamw,tanh,quadratic
550,0.5569266839861645,0.03912079334259033,0.13421548902988434,adamw,tanh,quadratic
600,0.4257950196541284,0.03042840212583542,0.13969352841377258,adamw,tanh,quadratic
650,0.3552987194535594,0.023752935230731964,0.13205870985984802,adamw,tanh,quadratic
700,0.3029630897936739,0.01831573247909546,0.12116441130638123,adamw,tanh,quadratic
750,0.2694079338012456,0.014306977391242981,0.15306082367897034,adamw,tanh,quadratic
800,0.43577538296137736,0.025465011596679688,0.11452682316303253,adamw,tanh,quadratic
850,0.7613477260274886,0.034639954566955566,0.09516975283622742,adamw,tanh,quadratic
900,1.084071765495052,0.0396004319190979,0.08917667716741562,adamw,tanh,quadratic
950,1.3840698431741283,0.041089028120040894,0.08580659329891205,adamw,tanh,quadratic
1000,1.6486477542578217,0.040259599685668945,0.08407071232795715,adamw,tanh,quadratic
1050,1.87297547602858,0.038073569536209106,0.0833733007311821,adamw,tanh,quadratic
1100,2.051686316578012,0.035081297159194946,0.0833333283662796,adamw,tanh,quadratic
1150,2.191756975387026,0.031803786754608154,0.08353762328624725,adamw,tanh,quadratic
1200,2.306604182226601,0.028594672679901123,0.08367915451526642,adamw,tanh,quadratic
1250,2.3849578840891144,0.025370508432388306,0.08384115993976593,adamw,tanh,quadratic
1300,2.442322003179644,0.022372782230377197,0.08386542648077011,adamw,tanh,quadratic
1350,2.4814891584272774,0.0200769305229187,0.08374311029911041,adamw,tanh,quadratic
1400,2.50456043067779,0.02109062671661377,0.08353881537914276,adamw,tanh,quadratic
1450,2.5179737538572247,0.022030621767044067,0.08315616101026535,adamw,tanh,quadratic
1500,2.527175219661485,0.022903621196746826,0.08274146169424057,adamw,tanh,quadratic
1,2.198194516244814,0.13648223876953125,0.1543431580066681,adamw,tanh,robust
50,2.131335309363532,0.14024120569229126,0.16274698078632355,adamw,tanh,robust
100,1.9438160712648491,0.13314217329025269,0.16494673490524292,adamw,tanh,robust
150,1.7452482086088659,0.12385714054107666,0.16579832136631012,adamw,tanh,robust
200,1.5167103327587048,0.11077249050140381,0.16059648990631104,adamw,tanh,robust
250,1.3095142288370163,0.09610265493392944,0.14961068332195282,adamw,tanh,robust
300,1.1275719741631542,0.08174562454223633,0.1368165761232376,adamw,tanh,robust
350,0.9764995314305621,0.07306443154811859,0.13227584958076477,adamw,tanh,robust
400,0.8559873593884199,0.0650789737701416,0.12797299027442932,adamw,tanh,robust
450,0.7465068444572364,0.05759572237730026,0.1253741979598999,adamw,tanh,robust
500,0.6466863749611573,0.05065681040287018,0.12449146062135696,adamw,tanh,robust
550,0.5608514705124307,0.044283539056777954,0.12429177016019821,adamw,tanh,robust
600,0.49126066854865097,0.03847163915634155,0.1237768679857254,adamw,tanh,robust
650,0.4294841617615166,0.03314463794231415,0.1238948404788971,adamw,tanh,robust
700,0.3737109209217609,0.028247609734535217,0.12413381040096283,adamw,tanh,robust
750,0.3208051457579847,0.023600995540618896,0.1274813562631607,adamw,tanh,robust
800,0.2716220709038681,0.01934395730495453,0.12933780252933502,adamw,tanh,robust
850,0.22944838570720183,0.01576170325279236,0.13488924503326416,adamw,tanh,robust
900,0.19331147552665376,0.012758523225784302,0.1493537873029709,adamw,tanh,robust
950,0.19310028322880615,0.01033736765384674,0.15356698632240295,adamw,tanh,robust
1000,0.196551946598793,0.00845271348953247,0.15077216923236847,adamw,tanh,robust
1050,0.19587403488165392,0.007005810737609863,0.1498824656009674,adamw,tanh,robust
1100,0.19244281106092753,0.0058664679527282715,0.14976979792118073,adamw,tanh,robust
1150,0.18728392123668436,0.00493776798248291,0.14964060485363007,adamw,tanh,robust
1200,0.18111301167854432,0.004162877798080444,0.15181083977222443,adamw,tanh,robust
1250,0.17446648953184324,0.0035112202167510986,0.153050035238266,adamw,tanh,robust
1300,0.1676865862239424,0.0029616355895996094,0.15451554954051971,adamw,tanh,robust
1350,0.16102853407509438,0.0025014877319335938,0.1559915840625763,adamw,tanh,robust
1400,0.15465978016193307,0.002116948366165161,0.155593603849411,adamw,tanh,robust
1450,0.14865238699787686,0.0017975866794586182,0.15834197402000427,adamw,tanh,robust
1500,0.14308470618842417,0.0015327930450439453,0.16082899272441864,adamw,tanh,robust
1,2.198194516244814,0.13648146390914917,0.1543431580066681,adamw,tanh,sobolev
50,2.1282300701489603,0.1341698169708252,0.1552247703075409,adamw,tanh,sobolev
100,1.9662793979476143,0.12763577699661255,0.1558665782213211,adamw,tanh,sobolev
150,1.7839054233070006,0.1206594705581665,0.15709489583969116,adamw,tanh,sobolev
200,1.6002611830889493,0.11400872468948364,0.15777486562728882,adamw,tanh,sobolev
250,1.4242971035055212,0.10649073123931885,0.1552031934261322,adamw,tanh,sobolev
300,1.2560215700128234,0.09775453805923462,0.1480545699596405,adamw,tanh,sobolev
350,1.105805295451017,0.08799487352371216,0.14309443533420563,adamw,tanh,sobolev
400,0.9866937566242239,0.07776927947998047,0.13865602016448975,adamw,tanh,sobolev
450,0.8677940815868808,0.0677991509437561,0.1361779421567917,adamw,tanh,sobolev
500,0.7529468747473059,0.05851948261260986,0.1357766091823578,adamw,tanh,sobolev
550,0.6440030290069616,0.050175249576568604,0.13795918226242065,adamw,tanh,sobolev
600,0.5425725519383652,0.042804062366485596,0.1420261710882187,adamw,tanh,sobolev
650,0.4518754586865514,0.03637033700942993,0.1473500281572342,adamw,tanh,sobolev
700,0.39284184769424657,0.030852675437927246,0.15357644855976105,adamw,tanh,sobolev
750,0.34239494375536794,0.02616572380065918,0.15428109467029572,adamw,tanh,sobolev
800,0.30053474686991544,0.022194504737854004,0.15520447492599487,adamw,tanh,sobolev
850,0.2640412418928543,0.01881873607635498,0.15531913936138153,adamw,tanh,sobolev
900,0.23506110558754098,0.015946149826049805,0.1553398072719574,adamw,tanh,sobolev
950,0.21144766119061906,0.013489842414855957,0.15680880844593048,adamw,tanh,sobolev
1000,0.1889075551753754,0.01149749755859375,0.15813952684402466,adamw,tanh,sobolev
1050,0.17280747945020136,0.010355710983276367,0.159169539809227,adamw,tanh,sobolev
1100,0.15885408048838387,0.009579181671142578,0.1609848588705063,adamw,tanh,sobolev
1150,0.15026737343495772,0.009030520915985107,0.15346287190914154,adamw,tanh,sobolev
1200,0.14168066638153157,0.008617430925369263,0.15120796859264374,adamw,tanh,sobolev
1250,0.1363139744731402,0.008320838212966919,0.14884811639785767,adamw,tanh,sobolev
1300,0.1298739441830706,0.00811094045639038,0.14638525247573853,adamw,tanh,sobolev
1350,0.1266539290380358,0.007986843585968018,0.13793103396892548,adamw,tanh,sobolev
1400,0.12450725227467925,0.007910609245300293,0.13711020350456238,adamw,tanh,sobolev
1450,0.1247755868700988,0.00787624716758728,0.13374999165534973,adamw,tanh,sobolev
1500,0.1271905982288749,0.00788065791130066,0.12930135428905487,adamw,tanh,sobolev
1,2.1981993640866255,0.13648027181625366,0.15434281527996063,adamw,tanh,sup
50,2.156359475727682,0.13381612300872803,0.153323233127594,adamw,tanh,sup
100,1.9697634239372637,0.12321305274963379,0.150135338306427,adamw,tanh,sup
150,1.762307108830759,0.11214165389537811,0.14564478397369385,adamw,tanh,sup
200,1.5584144815469188,0.10454702377319336,0.1379779428243637,adamw,tanh,sup
250,1.3645496805621198,0.09668966382741928,0.1241859570145607,adamw,tanh,sup
300,1.1809976803612439,0.08827399462461472,0.11443676054477692,adamw,tanh,sup
350,1.0240410713625407,0.07976118475198746,0.10972849279642105,adamw,tanh,sup
400,0.8913993370618234,0.07146361470222473,0.11080264300107956,adamw,tanh,sup
450,0.7791820844051388,0.06360854208469391,0.1112908124923706,adamw,tanh,sup
500,0.6840355240179975,0.05632159113883972,0.1114562377333641,adamw,tanh,sup
550,0.6028742666327053,0.049649402499198914,0.110840804874897,adamw,tanh,sup
600,0.533082213722361,0.04361501336097717,0.11011777818202972,adamw,tanh,sup
650,0.47323413254998925,0.038206279277801514,0.10860516130924225,adamw,tanh,sup
700,0.42138482658861387,0.03341926634311676,0.10699941962957382,adamw,tanh,sup
750,0.3762598047770555,0.029169917106628418,0.10518363118171692,adamw,tanh,sup
800,0.337439859821347,0.025424808263778687,0.10492412000894547,adamw,tanh,sup
850,0.30353323529756465,0.022133633494377136,0.11062764376401901,adamw,tanh,sup
900,0.2735840383430583,0.019242465496063232,0.12645570933818817,adamw,tanh,sup
950,0.24782706172881985,0.01670476794242859,0.14388726651668549,adamw,tanh,sup
1000,0.2255412381188792,0.014490962028503418,0.16059693694114685,adamw,tanh,sup
1050,0.2228413996758171,0.01256115734577179,0.16512715816497803,adamw,tanh,sup
1100,0.22923478586629228,0.01088714599609375,0.1604427695274353,adamw,tanh,sup
1150,0.23368772510453908,0.009441584348678589,0.15619537234306335,adamw,tanh,sup
1200,0.23671382657710272,0.008202500641345978,0.15415459871292114,adamw,tanh,sup
1250,0.23855653055658552,0.007143154740333557,0.1507137417793274,adamw,tanh,sup
1300,0.23958636938470945,0.006244875490665436,0.15114325284957886,adamw,tanh,sup
1350,0.24000590423555587,0.005486868321895599,0.14865541458129883,adamw,tanh,sup
1400,0.24002110287474956,0.00484958291053772,0.1486290544271469,adamw,tanh,sup
1450,0.23964087484940405,0.004314616322517395,0.14774982631206512,adamw,tanh,sup
1500,0.23904996223937366,0.003867626190185547,0.14810426533222198,adamw,tanh,sup
1,2.1981963505633373,0.1352793276309967,0.12369915843009949,adamw,silu,quadratic
50,2.1804165631617574,0.13363826274871826,0.12711068987846375,adamw,silu,quadratic
100,2.10475328248203,0.1291201114654541,0.13180020451545715,adamw,silu,quadratic
150,1.9940491460730028,0.12334887683391571,0.13569290935993195,adamw,silu,quadratic
200,1.8562905147399524,0.11655597388744354,0.1391172707080841,adamw,silu,quadratic
250,1.7022158821869762,0.10902182012796402,0.1412470042705536,adamw,silu,quadratic
300,1.54340634943416,0.10316216945648193,0.1416964828968048,adamw,silu,quadratic
350,1.3873887804966738,0.09759682416915894,0.1391313225030899,adamw,silu,quadratic
400,1.2394538740869403,0.09148991107940674,0.1365106701850891,adamw,silu,quadratic
450,1.1106341389638041,0.08509272336959839,0.13801252841949463,adamw,silu,quadratic
500,1.0280071955669587,0.07876348495483398,0.13534218072891235,adamw,silu,quadratic
550,0.9485995466900139,0.07254952192306519,0.13372093439102173,adamw,silu,quadratic
600,0.8729476649896813,0.0659264326095581,0.13208967447280884,adamw,silu,quadratic
650,0.8021246268021359,0.05891227722167969,0.13040629029273987,adamw,silu,quadratic
700,0.7334477412869405,0.051806509494781494,0.127934068441391,adamw,silu,quadratic
750,0.6658439321079198,0.04589545726776123,0.12596248090267181,adamw,silu,quadratic
800,0.5971670465927243,0.042665645480155945,0.12475202977657318,adamw,silu,quadratic
850,0.5252708993133162,0.03910771757364273,0.12471825629472733,adamw,silu,quadratic
900,0.46446402639991347,0.03516238182783127,0.12189523130655289,adamw,silu,quadratic
950,0.41692428803077025,0.03098343312740326,0.11814143508672714,adamw,silu,quadratic
1000,0.3747170773875205,0.026940077543258667,0.11465355008840561,adamw,silu,quadratic
1050,0.3402402746041595,0.023342452943325043,0.11015427857637405,adamw,silu,quadratic
1100,0.31384606883717553,0.020398758351802826,0.10607484728097916,adamw,silu,quadratic
1150,0.294754743691382,0.01814701408147812,0.1005154401063919,adamw,silu,quadratic
1200,0.2814486298785008,0.016516730189323425,0.0959191843867302,adamw,silu,quadratic
1250,0.27246890370359733,0.015356190502643585,0.09042675793170929,adamw,silu,quadratic
1300,0.26640695594131464,0.014515355229377747,0.08759240806102753,adamw,silu,quadratic
1350,0.26215605378614254,0.01389685645699501,0.08300460129976273,adamw,silu,quadratic
1400,0.25911250990976287,0.013425476849079132,0.08295339345932007,adamw,silu,quadratic
1450,0.2720912797554413,0.013033878058195114,0.07527140527963638,adamw,silu,quadratic
1500,0.28443467114474136,0.012721017003059387,0.07021988183259964,adamw,silu,quadratic
1,2.1981963505633373,0.1352793276309967,0.12369915843009949,adamw,silu,robust
50,2.1783692016441667,0.13337615132331848,0.12783154845237732,adamw,silu,robust
100,2.0935698355132617,0.1282036304473877,0.13363011181354523,adamw,silu,robust
150,1.970881179031758,0.12177512794733047,0.13834990561008453,adamw,silu,robust
200,1.8196965153123605,0.11434976011514664,0.14220277965068817,adamw,silu,robust
250,1.6525716236248262,0.10819625854492188,0.14469732344150543,adamw,silu,robust
300,1.482166446326489,0.10274499654769897,0.14507579803466797,adamw,silu,robust
350,1.3173620985937768,0.09646517038345337,0.14255394041538239,adamw,silu,robust
400,1.1636921953207084,0.08979654312133789,0.14158868789672852,adamw,silu,robust
450,1.068784096341606,0.08275246620178223,0.13878652453422546,adamw,silu,robust
500,0.9748899169262997,0.07503300905227661,0.1357392966747284,adamw,silu,robust
550,0.8847515046876056,0.06742334365844727,0.13392725586891174,adamw,silu,robust
600,0.7972957832893488,0.05999326705932617,0.13315755128860474,adamw,silu,robust
650,0.7135958290677042,0.052902162075042725,0.1325966864824295,adamw,silu,robust
700,0.6338063143810181,0.0462762713432312,0.1326424777507782,adamw,silu,robust
750,0.5606824511627767,0.040240585803985596,0.1346469670534134,adamw,silu,robust
800,0.49266231719032566,0.03482538461685181,0.1367684304714203,adamw,silu,robust
850,0.4308401817299223,0.030024588108062744,0.14124122262001038,adamw,silu,robust
900,0.376557914292792,0.025806427001953125,0.14496833086013794,adamw,silu,robust
950,0.34008219565427,0.02213233709335327,0.15209434926509857,adamw,silu,robust
1000,0.3089705812247939,0.01895749568939209,0.17034989595413208,adamw,silu,robust
1050,0.2810774096673325,0.016227662563323975,0.19066937267780304,adamw,silu,robust
1100,0.27584796409131523,0.013890683650970459,0.18924303352832794,adamw,silu,robust
1150,0.27477462570963695,0.011901795864105225,0.18824701011180878,adamw,silu,robust
1200,0.2726279489462804,0.010222554206848145,0.18712273240089417,adamw,silu,robust
1250,0.2661879186562108,0.008806228637695312,0.18647541105747223,adamw,silu,robust
1300,0.2597478883661412,0.007623136043548584,0.1857292652130127,adamw,silu,robust
1350,0.2554545348394281,0.006638050079345703,0.18426723778247833,adamw,silu,robust
1400,0.2490145045493585,0.005824625492095947,0.18403548002243042,adamw,silu,robust
1450,0.2415011358776106,0.005149960517883301,0.1837899535894394,adamw,silu,robust
1500,0.23506110558754098,0.004598855972290039,0.18213866651058197,adamw,silu,robust
1,2.1981963505633373,0.1352793276309967,0.12369915843009949,adamw,silu,sobolev
50,2.179102929053517,0.13372278213500977,0.12646570801734924,adamw,silu,sobolev
100,2.0998166072446183,0.12920787930488586,0.1304873377084732,adamw,silu,sobolev
150,1.988877022950841,0.12351414561271667,0.13367393612861633,adamw,silu,sobolev
200,1.8522766327425508,0.11683222651481628,0.13630789518356323,adamw,silu,sobolev
250,1.700756943847134,0.10944648832082748,0.13782639801502228,adamw,silu,sobolev
300,1.5453682841176624,0.10166134685277939,0.13761930167675018,adamw,silu,sobolev
350,1.3938447955624471,0.09559834003448486,0.13491658866405487,adamw,silu,sobolev
400,1.2516281151038346,0.08969157934188843,0.13287608325481415,adamw,silu,sobolev
450,1.123078024803635,0.08333784341812134,0.13386383652687073,adamw,silu,sobolev
500,1.0210321993818217,0.07494521141052246,0.13112224638462067,adamw,silu,sobolev
550,0.9180168711090284,0.0666796863079071,0.12367592006921768,adamw,silu,sobolev
600,0.8219765390213721,0.060891397297382355,0.11909889429807663,adamw,silu,sobolev
650,0.7382660374682182,0.05513802170753479,0.11602000147104263,adamw,silu,sobolev
700,0.6639464606182391,0.04957529902458191,0.1148294135928154,adamw,silu,sobolev
750,0.5965691242654796,0.04432745277881622,0.11460863798856735,adamw,silu,sobolev
800,0.5360335339594091,0.039461538195610046,0.12220088392496109,adamw,silu,sobolev
850,0.4817359696160214,0.035017117857933044,0.1539340764284134,adamw,silu,sobolev
900,0.43320687844902017,0.031009040772914886,0.1832491159439087,adamw,silu,sobolev
950,0.430408691052986,0.02742442488670349,0.1932457834482193,adamw,silu,sobolev
1000,0.4271886759079512,0.024255827069282532,0.1904761791229248,adamw,silu,sobolev
1050,0.4153819537094902,0.021470457315444946,0.18979987502098083,adamw,silu,sobolev
1100,0.3971352012209597,0.01903568208217621,0.18928086757659912,adamw,silu,sobolev
1150,0.3735217568240377,0.016919218003749847,0.18826936185359955,adamw,silu,sobolev
1200,0.3456149589004027,0.015091463923454285,0.18808777630329132,adamw,silu,sobolev
1250,0.31770816097676774,0.013517878949642181,0.1866438388824463,adamw,silu,sobolev
1300,0.2898013630531327,0.012167632579803467,0.1869688332080841,adamw,silu,sobolev
1350,0.2618945651294977,0.011013571172952652,0.18743455410003662,adamw,silu,sobolev
1400,0.23935445911425407,0.010030511766672134,0.18691587448120117,adamw,silu,sobolev
1450,0.21574101471733215,0.009185116738080978,0.18513689935207367,adamw,silu,sobolev
1500,0.19427424708376675,0.00846884399652481,0.18394160270690918,adamw,silu,sobolev
1,2.1981963505633373,0.1352793276309967,0.12369915843009949,adamw,silu,sup
50,2.185818500190348,0.13425381481647491,0.12559790909290314,adamw,silu,sup
100,2.117878748676046,0.1307632476091385,0.127519428730011,adamw,silu,sup
150,2.008887341676846,0.12574023008346558,0.12829981744289398,adamw,silu,sup
200,1.8696509047277128,0.11963283270597458,0.12803705036640167,adamw,silu,sup
250,1.7121265741460248,0.11266622692346573,0.12666137516498566,adamw,silu,sup
300,1.5484537388967323,0.10511176288127899,0.12347524613142014,adamw,silu,sup
350,1.3876571150920933,0.09723927825689316,0.11835730820894241,adamw,silu,sup
400,1.2360665428880233,0.08929998427629471,0.1186673492193222,adamw,silu,sup
450,1.0974551499757306,0.08150261640548706,0.12004683911800385,adamw,silu,sup
500,0.9738685945770342,0.07400605827569962,0.1218390166759491,adamw,silu,sup
550,0.8799226611748184,0.06692573428153992,0.1217910423874855,adamw,silu,sup
600,0.8037342413063984,0.060335755348205566,0.12091503292322159,adamw,silu,sup
650,0.7334477412869405,0.054291024804115295,0.12074525654315948,adamw,silu,sup
700,0.6670798042130444,0.04882741719484329,0.12024442851543427,adamw,silu,sup
750,0.6014593519374241,0.043920375406742096,0.12029746174812317,adamw,silu,sup
800,0.5349285863388905,0.03937384486198425,0.12060054391622543,adamw,silu,sup
850,0.47429977334500695,0.03525131940841675,0.138888880610466,adamw,silu,sup
900,0.4299872563722404,0.03152814507484436,0.18219706416130066,adamw,silu,sup
950,0.4593888273582993,0.02816110849380493,0.19345411658287048,adamw,silu,sup
1000,0.4894423020452908,0.025121107697486877,0.1910480260848999,adamw,silu,sup
1050,0.5066157161521432,0.022371560335159302,0.18971912562847137,adamw,silu,sup
1100,0.5066157161521432,0.019888117909431458,0.18888889253139496,adamw,silu,sup
1150,0.4969556707170387,0.017647117376327515,0.18783637881278992,adamw,silu,sup
1200,0.4840756101368995,0.01562882959842682,0.18687431514263153,adamw,silu,sup
1250,0.46368218088501234,0.013815253973007202,0.1869918704032898,adamw,silu,sup
1300,0.4411420748697687,0.012192532420158386,0.18570555746555328,adamw,silu,sup
1350,0.4175286304728468,0.010745614767074585,0.185161292552948,adamw,silu,sup
1400,0.39498852445760313,0.009460017085075378,0.18561643362045288,adamw,silu,sup
1450,0.3724484184423595,0.008322499692440033,0.18459300696849823,adamw,silu,sup
1500,0.3499083124271158,0.0073234885931015015,0.18455597758293152,adamw,silu,sup
1,2.1981963505633373,0.13531184196472168,0.1231033056974411,adamw,gelu,quadratic
50,2.1803809249733033,0.13366878032684326,0.1263919174671173,adamw,gelu,quadratic
100,2.1056589117415707,0.12914615869522095,0.13062413036823273,adamw,gelu,quadratic
150,1.9975390680864773,0.12336071580648422,0.13375213742256165,adamw,gelu,quadratic
200,1.8638112206857937,0.11656513810157776,0.13602860271930695,adamw,gelu,quadratic
250,1.7134930104231882,0.10905037075281143,0.13695454597473145,adamw,gelu,quadratic
300,1.5587163579667658,0.10199970006942749,0.1355997920036316,adamw,gelu,quadratic
350,1.4073270367092603,0.09637391567230225,0.13194891810417175,adamw,gelu,quadratic
400,1.2652779343500336,0.09017491340637207,0.12979018688201904,adamw,gelu,quadratic
450,1.1369626368208259,0.0829893946647644,0.1292337328195572,adamw,gelu,quadratic
500,1.023034947652469,0.07480919361114502,0.12750351428985596,adamw,gelu,quadratic
550,0.9246810158158291,0.06710714101791382,0.12625904381275177,adamw,gelu,quadratic
600,0.8431072988082806,0.05998682975769043,0.12375311553478241,adamw,gelu,quadratic
650,0.764753596945767,0.05348372459411621,0.12257510423660278,adamw,gelu,quadratic
700,0.693376594564162,0.047583937644958496,0.12241803854703903,adamw,gelu,quadratic
750,0.6273662840909484,0.04231142997741699,0.12230365723371506,adamw,gelu,quadratic
800,0.5683326730986437,0.037624478340148926,0.12164662033319473,adamw,gelu,quadratic
850,0.5162757615872475,0.03352820873260498,0.1207951158285141,adamw,gelu,quadratic
900,0.4705440061683947,0.029996037483215332,0.11744266748428345,adamw,gelu,quadratic
950,0.4308401817299223,0.026981890201568604,0.1172807365655899,adamw,gelu,quadratic
1000,0.3965985320301205,0.02444380521774292,0.12263108044862747,adamw,gelu,quadratic
1050,0.36869173410648554,0.022338032722473145,0.12410102039575577,adamw,gelu,quadratic
1100,0.34553061300401533,0.02060830593109131,0.12127424031496048,adamw,gelu,quadratic
1150,0.32575819883935475,0.019239842891693115,0.114601731300354,adamw,gelu,quadratic
1200,0.31019479230501984,0.01813530921936035,0.10521222651004791,adamw,gelu,quadratic
1250,0.2973147317248806,0.01727473735809326,0.09464839100837708,adamw,gelu,quadratic
1300,0.2876546862897762,0.016626179218292236,0.08237987011671066,adamw,gelu,quadratic
1350,0.2792681492452134,0.01612234115600586,0.06967984884977341,adamw,gelu,quadratic
1400,0.2726279489462804,0.015732228755950928,0.06703642010688782,adamw,gelu,quadratic
1450,0.26752959163330864,0.015427887439727783,0.06784660369157791,adamw,gelu,quadratic
1500,0.2637729072974347,0.015189707279205322,0.06789815425872803,adamw,gelu,quadratic
1,2.1981963505633373,0.13531184196472168,0.1231033056974411,adamw,gelu,robust
50,2.1783319911826924,0.13341309130191803,0.12711219489574432,adamw,gelu,robust
100,2.0942535122314743,0.12821273505687714,0.13246102631092072,adamw,gelu,robust
150,1.9734614100803896,0.12173585593700409,0.13644449412822723,adamw,gelu,robust
200,1.8249079452600232,0.11425332725048065,0.13950051367282867,adamw,gelu,robust
250,1.6603859515571595,0.1074913740158081,0.14102022349834442,adamw,gelu,robust
300,1.489561501453479,0.10186010599136353,0.1401374638080597,adamw,gelu,robust
350,1.3124822872305901,0.09388047456741333,0.13411837816238403,adamw,gelu,robust
400,1.149237372288251,0.08528941869735718,0.13378046452999115,adamw,gelu,robust
450,1.016739894037122,0.07646572589874268,0.1332128494977951,adamw,gelu,robust
500,0.9142611039324161,0.0677841305732727,0.1301911175251007,adamw,gelu,robust
550,0.8155380810043226,0.05954247713088989,0.12882447242736816,adamw,gelu,robust
600,0.7234300692511535,0.05192643404006958,0.12749727070331573,adamw,gelu,robust
650,0.6380996679077311,0.04503399133682251,0.12770339846611023,adamw,gelu,robust
700,0.5602826352360566,0.03888726234436035,0.1281088888645172,adamw,gelu,robust
750,0.48997897123612993,0.03347378969192505,0.12996777892112732,adamw,gelu,robust
800,0.42654787638522257,0.028743982315063477,0.13267509639263153,adamw,gelu,robust
850,0.3703017416790029,0.024970948696136475,0.1359349638223648,adamw,gelu,robust
900,0.3209281761218025,0.021769076585769653,0.14074073731899261,adamw,gelu,robust
950,0.27846376781702514,0.018964990973472595,0.1440158486366272,adamw,gelu,robust
1000,0.251038609528528,0.016514413058757782,0.14665274322032928,adamw,gelu,robust
1050,0.22850949304658066,0.014373503625392914,0.1498778611421585,adamw,gelu,robust
1100,0.20812602152382043,0.0125044584274292,0.1662418246269226,adamw,gelu,robust
1150,0.190960992873075,0.010872960090637207,0.18573780357837677,adamw,gelu,robust
1200,0.17594159280367272,0.009450383484363556,0.19124796986579895,adamw,gelu,robust
1250,0.17173414106852308,0.008209854364395142,0.18874171376228333,adamw,gelu,robust
1300,0.16744078754181002,0.0071290284395217896,0.18771329522132874,adamw,gelu,robust
1350,0.16314743401509693,0.006188333034515381,0.18661972880363464,adamw,gelu,robust
1400,0.1577807421067056,0.005370542407035828,0.18545454740524292,adamw,gelu,robust
1450,0.15456072696167078,0.0046605318784713745,0.18421052396297455,adamw,gelu,robust
1500,0.14919403505327944,0.004045635461807251,0.18287937343120575,adamw,gelu,robust
1,2.1981963505633373,0.13531184196472168,0.1231033056974411,adamw,gelu,sobolev
50,2.179127430308079,0.1337522566318512,0.12574300169944763,adamw,gelu,sobolev
100,2.101027388492798,0.1292552649974823,0.12904098629951477,adamw,gelu,sobolev
150,1.9927003978673148,0.12355372309684753,0.13144676387310028,adamw,gelu,sobolev
200,1.8606750601018276,0.11687959730625153,0.13301920890808105,adamw,gelu,sobolev
250,1.717341410685231,0.10958819836378098,0.13253019750118256,adamw,gelu,sobolev
300,1.5787383377176691,0.10218633711338043,0.12757651507854462,adamw,gelu,sobolev
350,1.4444364796419207,0.09456600248813629,0.11878073960542679,adamw,gelu,sobolev
400,1.3142934147269205,0.08680863678455353,0.11538347601890564,adamw,gelu,sobolev
450,1.190304357435095,0.07912170141935349,0.11354091763496399,adamw,gelu,sobolev
500,1.0738278171671316,0.07167381793260574,0.11219947040081024,adamw,gelu,sobolev
550,0.9657189794231783,0.06458602100610733,0.11147356778383255,adamw,gelu,sobolev
600,0.8663634441613992,0.05794505029916763,0.11095378547906876,adamw,gelu,sobolev
650,0.7760463168894276,0.051807619631290436,0.11037319898605347,adamw,gelu,sobolev
700,0.6942309939278002,0.046186476945877075,0.1101706251502037,adamw,gelu,sobolev
750,0.6209510826123202,0.04109618812799454,0.11094311624765396,adamw,gelu,sobolev
800,0.5555525173666526,0.03651566803455353,0.10987904667854309,adamw,gelu,sobolev
850,0.49743161086247895,0.0324249342083931,0.11058387160301208,adamw,gelu,sobolev
900,0.4461859594737338,0.028793856501579285,0.11038083583116531,adamw,gelu,sobolev
950,0.40104416674996174,0.02558225393295288,0.10909330099821091,adamw,gelu,sobolev
1000,0.36150320359181476,0.022762484848499298,0.10870552808046341,adamw,gelu,sobolev
1050,0.3268335680736839,0.020291108638048172,0.10902105271816254,adamw,gelu,sobolev
1100,0.29668313655045675,0.018130309879779816,0.10865181684494019,adamw,gelu,sobolev
1150,0.2703141035296373,0.016247015446424484,0.10859869420528412,adamw,gelu,sobolev
1200,0.24737429623258123,0.014612220227718353,0.10593763738870621,adamw,gelu,sobolev
1250,0.22751996009243913,0.013195350766181946,0.10597490519285202,adamw,gelu,sobolev
1300,0.2103151005251861,0.011970281600952148,0.10468866676092148,adamw,gelu,sobolev
1350,0.19543273387618637,0.010912735015153885,0.10594045370817184,adamw,gelu,sobolev
1400,0.18266325649845638,0.01000170037150383,0.1048058494925499,adamw,gelu,sobolev
1450,0.1713400737650325,0.00928431749343872,0.10250311344861984,adamw,gelu,sobolev
1500,0.16179020208623832,0.008848786354064941,0.10211555659770966,adamw,gelu,sobolev
1,2.1981963505633373,0.13531184196472168,0.1231033056974411,adamw,gelu,sup
50,2.1857000556228385,0.1342717409133911,0.12500546872615814,adamw,gelu,sup
100,2.118224910785958,0.13070498406887054,0.12650957703590393,adamw,gelu,sup
150,2.0111566557357654,0.12563057243824005,0.1268535554409027,adamw,gelu,sup
200,1.8751856988264963,0.11949966847896576,0.12598304450511932,adamw,gelu,sup
250,1.7215420001037618,0.11251925677061081,0.12353429943323135,adamw,gelu,sup
300,1.5656921402884127,0.10499726235866547,0.11876975744962692,adamw,gelu,sup
350,1.417271008447233,0.09714037925004959,0.11385022848844528,adamw,gelu,sup
400,1.2739977605191561,0.08899372816085815,0.11348357796669006,adamw,gelu,sup
450,1.1401822588976056,0.08086954802274704,0.11416994035243988,adamw,gelu,sup
500,1.017668910857836,0.07298089563846588,0.1147887259721756,adamw,gelu,sup
550,0.9067931346441218,0.06547215580940247,0.11553548276424408,adamw,gelu,sup
600,0.8071525593860853,0.058433569967746735,0.11649791896343231,adamw,gelu,sup
650,0.7177745376867063,0.05191522836685181,0.11751026660203934,adamw,gelu,sup
700,0.6377535057978198,0.04593776911497116,0.11871212720870972,adamw,gelu,sup
750,0.565882154574165,0.04049503058195114,0.12037292867898941,adamw,gelu,sup
800,0.5011207529698671,0.035565316677093506,0.1217975839972496,adamw,gelu,sup
850,0.44318432650004447,0.031139694154262543,0.12295503169298172,adamw,gelu,sup
900,0.39131824962645534,0.027189120650291443,0.12587957084178925,adamw,gelu,sup
950,0.34486848952845245,0.023682616651058197,0.12841755151748657,adamw,gelu,sup
1000,0.30334040256279476,0.020581938326358795,0.13049036264419556,adamw,gelu,sup
1050,0.26632311775809,0.01785638928413391,0.13388825953006744,adamw,gelu,sup
1100,0.23319622600733808,0.015467070043087006,0.13826124370098114,adamw,gelu,sup
1150,0.2039177836521608,0.013381622731685638,0.1427229940891266,adamw,gelu,sup
1200,0.18452410712904543,0.011567696928977966,0.15028437972068787,adamw,gelu,sup
1250,0.16843187639112764,0.009992130100727081,0.1690845787525177,adamw,gelu,sup
1300,0.15341247632172536,0.008625738322734833,0.1884782910346985,adamw,gelu,sup
1350,0.1438273431448881,0.007441610097885132,0.18913480639457703,adamw,gelu,sup
1400,0.14168066638153157,0.006417118012905121,0.1876288801431656,adamw,gelu,sup
1450,0.13846065123649676,0.005531571805477142,0.1860465258359909,adamw,gelu,sup
1500,0.13524063609146195,0.004766494035720825,0.18518519401550293,adamw,gelu,sup
1,2.1981962195405855,0.13474801182746887,0.12489186972379684,adamw,mish,quadratic
50,2.17536327767536,0.13264919817447662,0.12909288704395294,adamw,mish,quadratic
100,2.082561041872469,0.12754589319229126,0.1327008754014969,adamw,mish,quadratic
150,1.9570682364597303,0.12129470705986023,0.13490840792655945,adamw,mish,quadratic
200,1.809035718100003,0.11413472890853882,0.13594664633274078,adamw,mish,quadratic
250,1.650970263553919,0.10636411607265472,0.13531962037086487,adamw,mish,quadratic
300,1.492663727144763,0.09840631484985352,0.13282722234725952,adamw,mish,quadratic
350,1.3406875549825288,0.092288076877594,0.1285625845193863,adamw,mish,quadratic
400,1.2001477036997854,0.08597517013549805,0.12919481098651886,adamw,mish,quadratic
450,1.075286689995598,0.07989603281021118,0.13129036128520966,adamw,mish,quadratic
500,0.9872302947923114,0.07380902767181396,0.13058510422706604,adamw,mish,quadratic
550,0.9021409098005854,0.06697887182235718,0.1295110583305359,adamw,mish,quadratic
600,0.8112457756596229,0.05936312675476074,0.12815533578395844,adamw,mish,quadratic
650,0.7169900389610839,0.05129927396774292,0.1275893747806549,adamw,mish,quadratic
700,0.6203895846100397,0.04332000017166138,0.1282539665699005,adamw,mish,quadratic
750,0.5302291605490651,0.03598809242248535,0.1299280971288681,adamw,mish,quadratic
800,0.4497287819231949,0.029656529426574707,0.13160958886146545,adamw,mish,quadratic
850,0.38318180225914217,0.02445518970489502,0.15785862505435944,adamw,mish,quadratic
900,0.3477616356637593,0.020343124866485596,0.1893998384475708,adamw,mish,quadratic
950,0.3499083124271158,0.017229914665222168,0.1875000149011612,adamw,mish,quadratic
1000,0.3391749286103331,0.015109241008758545,0.18640001118183136,adamw,mish,quadratic
1050,0.31770816097676774,0.013901710510253906,0.18540772795677185,adamw,mish,quadratic
1100,0.2876546862897762,0.013387441635131836,0.18560606241226196,adamw,mish,quadratic
1150,0.27336621301840736,0.013365209102630615,0.16634616255760193,adamw,mish,quadratic
1200,0.2811460328335196,0.013563454151153564,0.1404494345188141,adamw,mish,quadratic
1250,0.289730643522919,0.013898372650146484,0.11628434807062149,adamw,mish,quadratic
1300,0.29865640470197846,0.014303594827651978,0.09421087801456451,adamw,mish,quadratic
1350,0.3072431117554046,0.014712154865264893,0.07521367818117142,adamw,mish,quadratic
1400,0.31582981880883076,0.015091091394424438,0.06743378192186356,adamw,mish,quadratic
1450,0.3228065182897395,0.015440285205841064,0.06771448254585266,adamw,mish,quadratic
1500,0.3297832177706483,0.015748292207717896,0.06773311644792557,adamw,mish,quadratic
1,2.1981962195405855,0.13474801182746887,0.12489186972379684,adamw,mish,robust
50,2.1727683720785413,0.13223056495189667,0.1302119344472885,adamw,mish,robust
100,2.0690980610701515,0.1264568269252777,0.1348300278186798,adamw,mish,robust
150,1.9307044934825095,0.119564488530159,0.13742727041244507,adamw,mish,robust
200,1.7681091893429488,0.11179973185062408,0.13894526660442352,adamw,mish,robust
250,1.5960438227582046,0.10378116369247437,0.13833573460578918,adamw,mish,robust
300,1.4259403908569628,0.09732794761657715,0.13536903262138367,adamw,mish,robust
350,1.2649091053040833,0.09029132127761841,0.131899893283844,adamw,mish,robust
400,1.1097970346033863,0.08148974180221558,0.13170289993286133,adamw,mish,robust
450,0.9840110657837866,0.07184720039367676,0.1299532949924469,adamw,mish,robust
500,0.8788495848386435,0.06243675947189331,0.12677530944347382,adamw,mish,robust
550,0.7781703267167452,0.05460678040981293,0.12487343698740005,adamw,mish,robust
600,0.685695844327156,0.04804403334856033,0.12375478446483612,adamw,mish,robust
650,0.6014593519374241,0.042115651071071625,0.12412586808204651,adamw,mish,robust
700,0.5248624686406738,0.03681439161300659,0.12615768611431122,adamw,mish,robust
750,0.4572421505949427,0.03210897743701935,0.12945915758609772,adamw,mish,robust
800,0.3976718704117988,0.0279562845826149,0.13333332538604736,adamw,mish,robust
850,0.34400495132788533,0.02430795133113861,0.1511225551366806,adamw,mish,robust
900,0.29974346771689414,0.0211138054728508,0.18010392785072327,adamw,mish,robust
950,0.2973147317248806,0.018322952091693878,0.19337016344070435,adamw,mish,robust
1000,0.29946140848823716,0.01589193195104599,0.19156736135482788,adamw,mish,robust
1050,0.2940947165798458,0.013775907456874847,0.19016698002815247,adamw,mish,robust
1100,0.2876546862897762,0.01193682849407196,0.18916349112987518,adamw,mish,robust
1150,0.27906797923635,0.01033935695886612,0.18780727684497833,adamw,mish,robust
1200,0.26833459541956733,0.008954659104347229,0.18692542612552643,adamw,mish,robust
1250,0.25760121160278465,0.007754281163215637,0.18636848032474518,adamw,mish,robust
1300,0.24794116616768022,0.006715491414070129,0.185761958360672,adamw,mish,robust
1350,0.23720778235089754,0.005817443132400513,0.18509894609451294,adamw,mish,robust
1400,0.22969441367914964,0.005042664706707001,0.18491482734680176,adamw,mish,robust
1450,0.21896102986236696,0.00437549501657486,0.18447837233543396,adamw,mish,robust
1500,0.21252099957229734,0.0038030147552490234,0.1825396865606308,adamw,mish,robust
1,2.1981962195405855,0.13474801182746887,0.12489186972379684,adamw,mish,sobolev
50,2.172521001123389,0.1328016221523285,0.1278141438961029,adamw,mish,sobolev
100,2.0770549417563013,0.1277443915605545,0.1302768588066101,adamw,mish,sobolev
150,1.9532482681348,0.12160152941942215,0.13168448209762573,adamw,mish,sobolev
200,1.808643698027007,0.11459366232156754,0.1319214552640915,adamw,mish,sobolev
250,1.6569231512532807,0.10708636790513992,0.13056601583957672,adamw,mish,sobolev
300,1.5122162523764338,0.09962014853954315,0.1262623816728592,adamw,mish,sobolev
350,1.37194473568911,0.0917913168668747,0.12085790187120438,adamw,mish,sobolev
400,1.2366032120788624,0.08375296741724014,0.12030522525310516,adamw,mish,sobolev
450,1.1087238272444597,0.07581151276826859,0.12000764161348343,adamw,mish,sobolev
500,0.9903692068540626,0.06819160282611847,0.1192769706249237,adamw,mish,sobolev
550,0.8825788854194184,0.06103005260229111,0.11989975720643997,adamw,mish,sobolev
600,0.7855542449098435,0.05440584570169449,0.11970514059066772,adamw,mish,sobolev
650,0.699110739779611,0.04836589843034744,0.11989240348339081,adamw,mish,sobolev
700,0.6224938100018552,0.042902104556560516,0.12034077197313309,adamw,mish,sobolev
750,0.5551165391604715,0.03801050782203674,0.12081360071897507,adamw,mish,sobolev
800,0.4959391962095851,0.033651985228061676,0.12202278524637222,adamw,mish,sobolev
850,0.4441737120535904,0.02979733794927597,0.12150432914495468,adamw,mish,sobolev
900,0.3989648356809634,0.026403866708278656,0.12215222418308258,adamw,mish,sobolev
950,0.35944061067934224,0.023423083126544952,0.12172204256057739,adamw,mish,sobolev
1000,0.3251986006669734,0.020825527608394623,0.12166784703731537,adamw,mish,sobolev
1050,0.2954674091934014,0.018564321100711823,0.12065581977367401,adamw,mish,sobolev
1100,0.2695091980104423,0.016598284244537354,0.12059693783521652,adamw,mish,sobolev
1150,0.24701377075351805,0.014894559979438782,0.11886284500360489,adamw,mish,sobolev
1200,0.2275451164607597,0.013423316180706024,0.1187070682644844,adamw,mish,sobolev
1250,0.21049956418169308,0.012154307216405869,0.11578069627285004,adamw,mish,sobolev
1300,0.19590227028463875,0.011061720550060272,0.11508931964635849,adamw,mish,sobolev
1350,0.18323338562450317,0.010123074054718018,0.11445475369691849,adamw,mish,sobolev
1400,0.17237554657147822,0.009318619966506958,0.11408740282058716,adamw,mish,sobolev
1450,0.1628466385329512,0.008620426058769226,0.1127052903175354,adamw,mish,sobolev
1500,0.15465085423697558,0.008157968521118164,0.11358602344989777,adamw,mish,sobolev
1,2.1981962195405855,0.13474801182746887,0.12489186972379684,adamw,mish,sup
50,2.182335260337209,0.13353750109672546,0.12675943970680237,adamw,mish,sup
100,2.0930029000667867,0.12935061752796173,0.12703116238117218,adamw,mish,sup
150,1.964278287461363,0.12373892217874527,0.12614241242408752,adamw,mish,sup
200,1.8089707308151748,0.11711306869983673,0.12378989905118942,adamw,mish,sup
250,1.6426613247340327,0.1097550094127655,0.11990192532539368,adamw,mish,sup
300,1.4760961622416313,0.10194049030542374,0.11409145593643188,adamw,mish,sup
350,1.3168925130517926,0.0939340889453888,0.1123722568154335,adamw,mish,sup
400,1.1700308140009856,0.08597768098115921,0.1128256693482399,adamw,mish,sup
450,1.0385293707080498,0.07828386127948761,0.11374542117118835,adamw,mish,sup
500,0.9259432234940392,0.0710904449224472,0.11484790593385696,adamw,mish,sup
550,0.8321046632368166,0.06449030339717865,0.11680036038160324,adamw,mish,sup
600,0.7570554206827889,0.05813165009021759,0.11774220317602158,adamw,mish,sup
650,0.6894516115037683,0.052137210965156555,0.11787144839763641,adamw,mish,sup
700,0.624530493165185,0.04656226187944412,0.11888701468706131,adamw,mish,sup
750,0.5612189893308642,0.04145023971796036,0.12048757821321487,adamw,mish,sup
800,0.5016632199174677,0.03680364042520523,0.12335958331823349,adamw,mish,sup
850,0.4459720975873209,0.032601498067379,0.1263655126094818,adamw,mish,sup
900,0.3988809811198948,0.028811030089855194,0.12811049818992615,adamw,mish,sup
950,0.36016169439315654,0.025417804718017578,0.12880246341228485,adamw,mish,sup
1000,0.32546690250670507,0.02240133285522461,0.13932061195373535,adamw,mish,sup
1050,0.2945451072887104,0.01972728967666626,0.1575257033109665,adamw,mish,sup
1100,0.2668932632619807,0.01736297458410263,0.17385715246200562,adamw,mish,sup
1150,0.2533078580760716,0.015276581048965454,0.19151347875595093,adamw,mish,sup
1200,0.2522345196943933,0.013439416885375977,0.19167578220367432,adamw,mish,sup
1250,0.2490145045493585,0.011822544038295746,0.1898454874753952,adamw,mish,sup
1300,0.24794116616768022,0.010402567684650421,0.1886160671710968,adamw,mish,sup
1350,0.2415011358776106,0.009157590568065643,0.18686296045780182,adamw,mish,sup
1400,0.23935445911425407,0.008068151772022247,0.18642117083072662,adamw,mish,sup
1450,0.23613444396921926,0.007116749882698059,0.1859649121761322,adamw,mish,sup
1500,0.23291442882418445,0.006289780139923096,0.1843044012784958,adamw,mish,sup
1,2.1981970056770956,0.13648122549057007,0.15434299409389496,ranger,tanh,quadratic
50,2.1915989619485123,0.13809144496917725,0.15660138428211212,ranger,tanh,quadratic
100,2.1309675284995953,0.1389809250831604,0.1611759066581726,ranger,tanh,quadratic
150,1.96996323363356,0.13156861066818237,0.16129598021507263,ranger,tanh,quadratic
200,1.768218200272338,0.12039607763290405,0.15848855674266815,ranger,tanh,quadratic
250,1.5525789902330531,0.10651159286499023,0.15148800611495972,ranger,tanh,quadratic
300,1.3482838610560837,0.09401734173297882,0.13714757561683655,ranger,tanh,quadratic
350,1.1677502319854227,0.08619179576635361,0.12360219657421112,ranger,tanh,quadratic
400,1.0162938270790625,0.07879488170146942,0.11469462513923645,ranger,tanh,quadratic
450,0.8937134609018138,0.07201547920703888,0.11080106347799301,ranger,tanh,quadratic
500,0.7963534021479644,0.0659085214138031,0.10823335498571396,ranger,tanh,quadratic
550,0.7196526178091399,0.06043843924999237,0.10485019534826279,ranger,tanh,quadratic
600,0.6586139656480335,0.0555105060338974,0.10146778076887131,ranger,tanh,quadratic
650,0.6087098234579467,0.05100274085998535,0.1063150018453598,ranger,tanh,quadratic
700,0.567123005543853,0.04683060944080353,0.13586528599262238,ranger,tanh,quadratic
750,0.5313047263175217,0.04294492304325104,0.16177068650722504,ranger,tanh,quadratic
800,0.5002823383819327,0.039325714111328125,0.18234868347644806,ranger,tanh,quadratic
850,0.48729562528193426,0.035965532064437866,0.19648738205432892,ranger,tanh,quadratic
900,0.4969556707170387,0.032863616943359375,0.19472834467887878,ranger,tanh,quadratic
950,0.5001756858620735,0.030011698603630066,0.19399785995483398,ranger,tanh,quadratic
1000,0.498029009098717,0.027433231472969055,0.19181035459041595,ranger,tanh,quadratic
1050,0.51580670013627,0.0251084566116333,0.17961826920509338,ranger,tanh,quadratic
1100,0.5414968551471568,0.023037821054458618,0.16762793064117432,ranger,tanh,quadratic
1150,0.5629036143604575,0.021189674735069275,0.157930389046669,ranger,tanh,quadratic
1200,0.5812378900471035,0.019561797380447388,0.149286150932312,ranger,tanh,quadratic
1250,0.5967412881611737,0.018915414810180664,0.14273124933242798,ranger,tanh,quadratic
1300,0.6099012133388794,0.019941270351409912,0.1361735612154007,ranger,tanh,quadratic
1350,0.6210119426804708,0.0208742618560791,0.13159900903701782,ranger,tanh,quadratic
1400,0.6304447946641799,0.0216977596282959,0.12710881233215332,ranger,tanh,quadratic
1450,0.6388444012282217,0.022398650646209717,0.12377674132585526,ranger,tanh,quadratic
1500,0.6458321066202708,0.02303069829940796,0.12038872390985489,ranger,tanh,quadratic
1,2.1981970056770956,0.13648122549057007,0.15434299409389496,ranger,tanh,robust
50,2.1910805049201554,0.13908356428146362,0.1579543501138687,ranger,tanh,robust
100,2.15421161975956,0.14554953575134277,0.16914382576942444,ranger,tanh,robust
150,2.0308379763323274,0.13992488384246826,0.16886337101459503,ranger,tanh,robust
200,1.8611687538301191,0.1315646767616272,0.1684255599975586,ranger,tanh,robust
250,1.6668945067463523,0.12154841423034668,0.16717228293418884,ranger,tanh,robust
300,1.4729744141603487,0.1107836365699768,0.1640709787607193,ranger,tanh,robust
350,1.2809405251073824,0.09951728582382202,0.1587112545967102,ranger,tanh,robust
400,1.090782161233192,0.08643841743469238,0.1471046805381775,ranger,tanh,robust
450,0.955574542875151,0.07244575023651123,0.1385757476091385,ranger,tanh,robust
500,0.8332438405512089,0.06064361333847046,0.13400597870349884,ranger,tanh,robust
550,0.7228934000603144,0.05087685585021973,0.1305217146873474,ranger,tanh,robust
600,0.6239939549970976,0.04452674090862274,0.12973882257938385,ranger,tanh,robust
650,0.5360016626750654,0.03883524239063263,0.13097865879535675,ranger,tanh,robust
700,0.45885215816746017,0.0337882936000824,0.1337927132844925,ranger,tanh,robust
750,0.39613091182941135,0.02935132384300232,0.13626107573509216,ranger,tanh,robust
800,0.3539236684304737,0.025463148951530457,0.1355896294116974,ranger,tanh,robust
850,0.31740107640254184,0.022072985768318176,0.13626982271671295,ranger,tanh,robust
900,0.286244521169243,0.019127026200294495,0.13651704788208008,ranger,tanh,robust
950,0.2592634317418424,0.0165683776140213,0.1375236213207245,ranger,tanh,robust
1000,0.25548729052734553,0.014357239007949829,0.13880541920661926,ranger,tanh,robust
1050,0.26741507774834933,0.012446150183677673,0.13649120926856995,ranger,tanh,robust
1100,0.27617263846995277,0.010805502533912659,0.134977325797081,ranger,tanh,robust
1150,0.28248269419036603,0.009396061301231384,0.13379046320915222,ranger,tanh,robust
1200,0.28700245503196437,0.008194923400878906,0.13257120549678802,ranger,tanh,robust
1250,0.29018630789753835,0.007171235978603363,0.1310913860797882,ranger,tanh,robust
1300,0.2924139567214268,0.006302535533905029,0.13007278740406036,ranger,tanh,robust
1350,0.2939563565540826,0.0055689215660095215,0.1284756064414978,ranger,tanh,robust
1400,0.29503965266488774,0.004949107766151428,0.12799112498760223,ranger,tanh,robust
1450,0.2956926700592096,0.004529774188995361,0.12769806385040283,ranger,tanh,robust
1500,0.2960223233024106,0.004273653030395508,0.12665565311908722,ranger,tanh,robust
1,2.1981970056770956,0.13648122549057007,0.15434299409389496,ranger,tanh,sobolev
50,2.1911120814033076,0.13655370473861694,0.15472199022769928,ranger,tanh,sobolev
100,2.1172253382134696,0.1338213086128235,0.1555354744195938,ranger,tanh,sobolev
150,1.9574314315273589,0.12596005201339722,0.154427632689476,ranger,tanh,sobolev
200,1.76421873077762,0.11600524187088013,0.1521676480770111,ranger,tanh,sobolev
250,1.559269667047067,0.10421222448348999,0.14680536091327667,ranger,tanh,sobolev
300,1.362503891317549,0.09487337619066238,0.13648374378681183,ranger,tanh,sobolev
350,1.1858270479650377,0.08686548471450806,0.1252405345439911,ranger,tanh,sobolev
400,1.0353097486312701,0.07934944331645966,0.1183997392654419,ranger,tanh,sobolev
450,0.9121927132631823,0.07253966480493546,0.11201426386833191,ranger,tanh,sobolev
500,0.8137930544862095,0.06649976968765259,0.1104157492518425,ranger,tanh,sobolev
550,0.7362202482236474,0.06118473410606384,0.10780925303697586,ranger,tanh,sobolev
600,0.6748127015052149,0.05646860599517822,0.1044502928853035,ranger,tanh,sobolev
650,0.6248414756662731,0.05219963192939758,0.10146865248680115,ranger,tanh,sobolev
700,0.5832546577521794,0.04826202988624573,0.11365828663110733,ranger,tanh,sobolev
750,0.5476711385411523,0.044595569372177124,0.1363840401172638,ranger,tanh,sobolev
800,0.5163804487658317,0.04118181765079498,0.15377812087535858,ranger,tanh,sobolev
850,0.48840997378488515,0.038010433316230774,0.16683493554592133,ranger,tanh,sobolev
900,0.46349144451426916,0.03508788347244263,0.17535275220870972,ranger,tanh,sobolev
950,0.4401156426331882,0.03239727020263672,0.18106015026569366,ranger,tanh,sobolev
1000,0.41821548449278734,0.029920637607574463,0.18367747962474823,ranger,tanh,sobolev
1050,0.39621473363479204,0.02755691111087799,0.18659108877182007,ranger,tanh,sobolev
1100,0.39690250481399425,0.02528853714466095,0.18179188668727875,ranger,tanh,sobolev
1150,0.4003701529596848,0.023155763745307922,0.17290940880775452,ranger,tanh,sobolev
1200,0.39716035758928026,0.02121049165725708,0.16629822552204132,ranger,tanh,sobolev
1250,0.38904690471488507,0.01944643259048462,0.16228637099266052,ranger,tanh,sobolev
1300,0.37808056244563365,0.01784379780292511,0.15790961682796478,ranger,tanh,sobolev
1350,0.3658891574482704,0.01641148328781128,0.15595655143260956,ranger,tanh,sobolev
1400,0.353460601270385,0.01620185375213623,0.15472319722175598,ranger,tanh,sobolev
1450,0.34173825772399935,0.015929877758026123,0.15308350324630737,ranger,tanh,sobolev
1500,0.33071898226307334,0.0156366229057312,0.1526039093732834,ranger,tanh,sobolev
1,2.1981970056770956,0.13648122549057007,0.15434299409389496,ranger,tanh,sup
50,2.197073485581528,0.13573747873306274,0.15346737205982208,ranger,tanh,sup
100,2.155933389739252,0.13332819938659668,0.15286710858345032,ranger,tanh,sup
150,1.9961328008928063,0.12475842237472534,0.1506488174200058,ranger,tanh,sup
200,1.7959958097628266,0.1140785813331604,0.1475796103477478,ranger,tanh,sup
250,1.593679386181573,0.10541144013404846,0.14281542599201202,ranger,tanh,sup
300,1.4049961419570562,0.09740046411752701,0.13533927500247955,ranger,tanh,sup
350,1.2352616701245163,0.08938174694776535,0.12681381404399872,ranger,tanh,sup
400,1.0859516799360092,0.08153645694255829,0.12469477951526642,ranger,tanh,sup
450,0.9563283822768827,0.07399511337280273,0.122704416513443,ranger,tanh,sup
500,0.8468639831441546,0.06668337434530258,0.12065323442220688,ranger,tanh,sup
550,0.7406034833580059,0.05910146236419678,0.11783497035503387,ranger,tanh,sup
600,0.6414761897296354,0.051888465881347656,0.11722160130739212,ranger,tanh,sup
650,0.5639033834670732,0.045352354645729065,0.11572843044996262,ranger,tanh,sup
700,0.49830360003052876,0.03950001299381256,0.11308924108743668,ranger,tanh,sup
750,0.4420272973357372,0.034315407276153564,0.11141709983348846,ranger,tanh,sup
800,0.3941354025657937,0.029759839177131653,0.11107485741376877,ranger,tanh,sup
850,0.3526995556173115,0.02577216923236847,0.12640538811683655,ranger,tanh,sup
900,0.31679738907422367,0.02229541540145874,0.14658896625041962,ranger,tanh,sup
950,0.2855402411233304,0.019272446632385254,0.16720488667488098,ranger,tanh,sup
1000,0.2904661724951048,0.016654804348945618,0.16571293771266937,ranger,tanh,sup
1050,0.29878533108962146,0.014392942190170288,0.16013889014720917,ranger,tanh,sup
1100,0.303356190804371,0.01244625449180603,0.15593180060386658,ranger,tanh,sup
1150,0.3052402979733814,0.010773181915283203,0.15233691036701202,ranger,tanh,sup
1200,0.30532441457995335,0.009344726800918579,0.1488083302974701,ranger,tanh,sup
1250,0.3041646011821731,0.008130162954330444,0.14675256609916687,ranger,tanh,sup
1300,0.3022773494671226,0.007105603814125061,0.14416052401065826,ranger,tanh,sup
1350,0.2999564124440453,0.0062461718916893005,0.14262522757053375,ranger,tanh,sup
1400,0.2974496851591004,0.005527965724468231,0.14204442501068115,ranger,tanh,sup
1450,0.2948116730769825,0.004929482936859131,0.1397278904914856,ranger,tanh,sup
1500,0.29221794668492884,0.004433333873748779,0.13915705680847168,ranger,tanh,sup
1,2.1981970056770956,0.13527940213680267,0.1236991286277771,ranger,silu,quadratic
50,2.1964154893226424,0.13512170314788818,0.12403798848390579,ranger,silu,quadratic
100,2.179251639876662,0.1336219608783722,0.1270582675933838,ranger,silu,quadratic
150,2.127098295620037,0.12975016236305237,0.13362014293670654,ranger,silu,quadratic
200,2.027891274647276,0.12437757104635239,0.1384701430797577,ranger,silu,quadratic
250,1.8934341546107987,0.1179952621459961,0.1416490375995636,ranger,silu,quadratic
300,1.7357452594530136,0.11074721068143845,0.14425259828567505,ranger,silu,quadratic
350,1.5706893480370956,0.10508304834365845,0.14523917436599731,ranger,silu,quadratic
400,1.408752433224675,0.09970980882644653,0.1453886479139328,ranger,silu,quadratic
450,1.2567258173030482,0.09441196918487549,0.14359267055988312,ranger,silu,quadratic
500,1.1422898908809647,0.08947974443435669,0.14344888925552368,ranger,silu,quadratic
550,1.0709302490139558,0.0850948691368103,0.14173614978790283,ranger,silu,quadratic
600,1.0054725925072852,0.08135265111923218,0.140973761677742,ranger,silu,quadratic
650,0.9480630085219264,0.07831740379333496,0.1414337158203125,ranger,silu,quadratic
700,0.8987014970578796,0.07595717906951904,0.14221054315567017,ranger,silu,quadratic
750,0.8570606977700981,0.07417994737625122,0.1443457007408142,ranger,silu,quadratic
800,0.8211038619838761,0.07285642623901367,0.14616982638835907,ranger,silu,quadratic
850,0.7921237256785628,0.07184344530105591,0.14826245605945587,ranger,silu,quadratic
900,0.7792436650984236,0.0709792971611023,0.14974182844161987,ranger,silu,quadratic
950,0.7685102812816409,0.07013815641403198,0.14938917756080627,ranger,silu,quadratic
1000,0.7574070857482704,0.06918424367904663,0.1483185887336731,ranger,silu,quadratic
1050,0.7488245714228977,0.06805580854415894,0.14778856933116913,ranger,silu,quadratic
1100,0.7391692428068534,0.06669753789901733,0.14769074320793152,ranger,silu,quadratic
1150,0.7262954713187942,0.06514918804168701,0.14744308590888977,ranger,silu,quadratic
1200,0.7123488855400636,0.0633615255355835,0.14715972542762756,ranger,silu,quadratic
1250,0.6951838568893182,0.061403632164001465,0.14697855710983276,ranger,silu,quadratic
1300,0.6812372055992116,0.05933576822280884,0.14655515551567078,ranger,silu,quadratic
1350,0.6643964582588487,0.05719643831253052,0.14576546847820282,ranger,silu,quadratic
1400,0.6493697209153529,0.055020689964294434,0.14500001072883606,ranger,silu,quadratic
1450,0.6343429835718571,0.052861571311950684,0.14493373036384583,ranger,silu,quadratic
1500,0.6193162462283615,0.05078089237213135,0.15203145146369934,ranger,silu,quadratic
1,2.1981970056770956,0.13527940213680267,0.1236991286277771,ranger,silu,robust
50,2.1963955738643888,0.13510383665561676,0.12403914332389832,ranger,silu,robust
100,2.177079020608475,0.13320040702819824,0.12814804911613464,ranger,silu,robust
150,2.1150698829257513,0.12860634922981262,0.13586637377738953,ranger,silu,robust
200,2.004681904416503,0.12254474312067032,0.14164064824581146,ranger,silu,robust
250,1.8613472068178931,0.1168012022972107,0.14676347374916077,ranger,silu,robust
300,1.6952568707775428,0.11327844858169556,0.15094207227230072,ranger,silu,robust
350,1.5219254313434143,0.10827493667602539,0.1535048633813858,ranger,silu,robust
400,1.3516376504305732,0.10219556093215942,0.153275266289711,ranger,silu,robust
450,1.1980898603620609,0.09541785717010498,0.14944812655448914,ranger,silu,robust
500,1.106878371787192,0.08828610181808472,0.1444154530763626,ranger,silu,robust
550,1.0183495085413843,0.08110809326171875,0.14027848839759827,ranger,silu,robust
600,0.9335764779835649,0.07410305738449097,0.13843555748462677,ranger,silu,robust
650,0.8541688291066201,0.06743377447128296,0.13688096404075623,ranger,silu,robust
700,0.7806631000786374,0.061215877532958984,0.13660834729671478,ranger,silu,robust
750,0.7137700238160491,0.05551975965499878,0.13610446453094482,ranger,silu,robust
800,0.6541997436329051,0.05036133527755737,0.13777866959571838,ranger,silu,robust
850,0.6010694937398309,0.045750319957733154,0.140512153506279,ranger,silu,robust
900,0.5531709168095522,0.0416983962059021,0.14363853633403778,ranger,silu,robust
950,0.5224606905798163,0.03817349672317505,0.14664265513420105,ranger,silu,robust
1000,0.5012490242437518,0.035112977027893066,0.18147139251232147,ranger,silu,robust
1050,0.5474025746559174,0.03248143196105957,0.1868884563446045,ranger,silu,robust
1100,0.6107295391749352,0.030231356620788574,0.18594498932361603,ranger,silu,robust
1150,0.6676164734038835,0.028325259685516357,0.18468289077281952,ranger,silu,robust
1200,0.7148433621977274,0.02669161558151245,0.18397624790668488,ranger,silu,robust
1250,0.7599235742282147,0.025287508964538574,0.18315275013446808,ranger,silu,robust
1300,0.7964170792052758,0.02410101890563965,0.1830892115831375,ranger,silu,robust
1350,0.828617230655624,0.023109614849090576,0.1826615333557129,ranger,silu,robust
1400,0.8575973669609372,0.022249221801757812,0.18212738633155823,ranger,silu,robust
1450,0.8822841497395374,0.021520137786865234,0.1822008341550827,ranger,silu,robust
1500,0.900530902228068,0.02092301845550537,0.18173809349536896,ranger,silu,robust
1,2.1981970056770956,0.13527940213680267,0.1236991286277771,ranger,silu,sobolev
50,2.196410641480831,0.13512980937957764,0.12403824180364609,ranger,silu,sobolev
100,2.1789024642434622,0.1337147355079651,0.12659752368927002,ranger,silu,sobolev
150,2.1195047410242673,0.1299019455909729,0.13150188326835632,ranger,silu,sobolev
200,2.0137334801928537,0.12459224462509155,0.1346277892589569,ranger,silu,sobolev
250,1.8761420338909336,0.11826986074447632,0.13652870059013367,ranger,silu,sobolev
300,1.7181043561682037,0.11105179041624069,0.13750168681144714,ranger,silu,sobolev
350,1.5543564448822045,0.10319477319717407,0.1373278796672821,ranger,silu,sobolev
400,1.3946665702609196,0.09501882642507553,0.13558940589427948,ranger,silu,sobolev
450,1.2453565800724125,0.08878457546234131,0.1335669755935669,ranger,silu,sobolev
500,1.1106341389638041,0.08346635103225708,0.137333944439888,ranger,silu,sobolev
550,1.0371283444244457,0.07860004901885986,0.1356962025165558,ranger,silu,sobolev
600,0.9705976115816,0.07429403066635132,0.13531799614429474,ranger,silu,sobolev
650,0.9105053367558039,0.07059973478317261,0.13533399999141693,ranger,silu,sobolev
700,0.8573880581151448,0.06757938861846924,0.13633577525615692,ranger,silu,sobolev
750,0.8114438165487716,0.06520938873291016,0.13781946897506714,ranger,silu,sobolev
800,0.7728036348083539,0.06344431638717651,0.14028532803058624,ranger,silu,sobolev
850,0.741140152548845,0.062214016914367676,0.14257846772670746,ranger,silu,sobolev
900,0.71323335462521,0.061390817165374756,0.1447780430316925,ranger,silu,sobolev
950,0.6912299178008054,0.0608292818069458,0.147447869181633,ranger,silu,sobolev
1000,0.685528462761898,0.0603603720664978,0.14947037398815155,ranger,silu,sobolev
1050,0.6812372055992116,0.05984818935394287,0.1489698886871338,ranger,silu,sobolev
1100,0.6748003198551821,0.05917954444885254,0.14817781746387482,ranger,silu,sobolev
1150,0.6683634341111525,0.05832892656326294,0.1479249745607376,ranger,silu,sobolev
1200,0.6576352912044366,0.05721390247344971,0.14846980571746826,ranger,silu,sobolev
1250,0.6479799625883923,0.055873751640319824,0.14785172045230865,ranger,silu,sobolev
1300,0.6351061911003333,0.054358601570129395,0.14709678292274475,ranger,silu,sobolev
1350,0.620086791030931,0.05269736051559448,0.1470070481300354,ranger,silu,sobolev
1400,0.6061402052522004,0.05094271898269653,0.1459459364414215,ranger,silu,sobolev
1450,0.5911208051827981,0.04913187026977539,0.14615030586719513,ranger,silu,sobolev
1500,0.578247033694739,0.04734688997268677,0.14582349359989166,ranger,silu,sobolev
1,2.1981970056770956,0.13527940213680267,0.1236991286277771,ranger,silu,sup
50,2.1963841748849937,0.13509362936019897,0.124159075319767,ranger,silu,sup
100,2.1829860503447525,0.13390061259269714,0.12660102546215057,ranger,silu,sup
150,2.1434593686665373,0.13162294030189514,0.12856662273406982,ranger,silu,sup
200,2.0515199176833914,0.12722143530845642,0.12997940182685852,ranger,silu,sup
250,1.9258485282601268,0.12161647528409958,0.13042409718036652,ranger,silu,sup
300,1.7744981207598671,0.11500132083892822,0.12988463044166565,ranger,silu,sup
350,1.6117729730734016,0.10764139145612717,0.12805020809173584,ranger,silu,sup
400,1.4478238108408379,0.09982991963624954,0.12391699105501175,ranger,silu,sup
450,1.2904983727961845,0.0918397605419159,0.12116867303848267,ranger,silu,sup
500,1.1449110010281172,0.08391065895557404,0.1221669465303421,ranger,silu,sup
550,1.0141474123612093,0.07623635977506638,0.12398718297481537,ranger,silu,sup
600,0.916407256604766,0.06895457953214645,0.12437312304973602,ranger,silu,sup
650,0.8386092222320836,0.062162742018699646,0.12276856601238251,ranger,silu,sup
700,0.7672496458764507,0.05591128021478653,0.1226237341761589,ranger,silu,sup
750,0.7023285275378675,0.050232380628585815,0.12282344698905945,ranger,silu,sup
800,0.6433093290482463,0.04512111842632294,0.12349212914705276,ranger,silu,sup
850,0.5907285885756748,0.040560901165008545,0.12432415038347244,ranger,silu,sup
900,0.5440497351963774,0.036522120237350464,0.12735319137573242,ranger,silu,sup
950,0.5021997580855552,0.0329628586769104,0.13008129596710205,ranger,silu,sup
1000,0.46571516265560753,0.02984631061553955,0.14366514980793,ranger,silu,sup
1050,0.4335228725703596,0.02712760865688324,0.1768459528684616,ranger,silu,sup
1100,0.4486554435415166,0.02476675808429718,0.19212409853935242,ranger,silu,sup
1150,0.49266231719032566,0.02272018790245056,0.18977706134319305,ranger,silu,sup
1200,0.5304367005877099,0.02095082402229309,0.1860688328742981,ranger,silu,sup
1250,0.569997448181359,0.019423186779022217,0.1828017383813858,ranger,silu,sup
1300,0.6043602611707672,0.01810447871685028,0.18020763993263245,ranger,silu,sup
1350,0.6340652153383174,0.016969874501228333,0.1779598444700241,ranger,silu,sup
1400,0.6597802646720214,0.01608145236968994,0.17618407309055328,ranger,silu,sup
1450,0.6820001510821844,0.01542288064956665,0.17505449056625366,ranger,silu,sup
1500,0.7011520087392493,0.01486140489578247,0.17363382875919342,ranger,silu,sup
1,2.1981970056770956,0.13531190156936646,0.12310327589511871,ranger,gelu,quadratic
50,2.1964150962543876,0.13515418767929077,0.12356093525886536,ranger,gelu,quadratic
100,2.1792267455538448,0.13365384936332703,0.12633846700191498,ranger,gelu,quadratic
150,2.1270405145865507,0.12978240847587585,0.13263854384422302,ranger,gelu,quadratic
200,2.0285233284013304,0.12442705035209656,0.1368776559829712,ranger,gelu,quadratic
250,1.8955208229538905,0.11800640821456909,0.13969755172729492,ranger,gelu,quadratic
300,1.7391158197397167,0.11061231046915054,0.14171390235424042,ranger,gelu,quadratic
350,1.5748983229117333,0.10481202602386475,0.14268839359283447,ranger,gelu,quadratic
400,1.4135482590040416,0.09993362426757812,0.1424875110387802,ranger,gelu,quadratic
450,1.2619912286243988,0.09524619579315186,0.14112511277198792,ranger,gelu,quadratic
500,1.1471187343937517,0.0910453200340271,0.14324943721294403,ranger,gelu,quadratic
550,1.0800513978714428,0.08751720190048218,0.14169400930404663,ranger,gelu,quadratic
600,1.0210321993818217,0.08472919464111328,0.1419205516576767,ranger,gelu,quadratic
650,0.9702978970371555,0.08265990018844604,0.1431664377450943,ranger,gelu,quadratic
700,0.9262910233883465,0.08117204904556274,0.1442948281764984,ranger,gelu,quadratic
750,0.8885072718642179,0.08008062839508057,0.14602424204349518,ranger,gelu,quadratic
800,0.860817382105972,0.07920700311660767,0.14834152162075043,ranger,gelu,quadratic
850,0.8425706296174414,0.0783873200416565,0.1498568207025528,ranger,gelu,quadratic
900,0.8243238771289109,0.07747817039489746,0.1492537260055542,ranger,gelu,quadratic
950,0.8089021717005067,0.07638388872146606,0.1487111747264862,ranger,gelu,quadratic
1000,0.7938827716311044,0.07501059770584106,0.14777328073978424,ranger,gelu,quadratic
1050,0.7777905572710306,0.07333207130432129,0.14725199341773987,ranger,gelu,quadratic
1100,0.7606255286202852,0.07132989168167114,0.1478322595357895,ranger,gelu,quadratic
1150,0.7380964285161817,0.06907278299331665,0.14699412882328033,ranger,gelu,quadratic
1200,0.71664014270275,0.06654399633407593,0.14696970582008362,ranger,gelu,quadratic
1250,0.6941110425986465,0.06383460760116577,0.14627452194690704,ranger,gelu,quadratic
1300,0.6694362484018241,0.061025142669677734,0.14569805562496185,ranger,gelu,quadratic
1350,0.6450763673886399,0.05816918611526489,0.14532434940338135,ranger,gelu,quadratic
1400,0.6203895846100397,0.05531662702560425,0.14560559391975403,ranger,gelu,quadratic
1450,0.5967761402131178,0.052528560161590576,0.14499999582767487,ranger,gelu,quadratic
1500,0.577456049342909,0.049865007400512695,0.14460669457912445,ranger,gelu,quadratic
1,2.1981970056770956,0.13531190156936646,0.12310327589511871,ranger,gelu,robust
50,2.196395049773382,0.135136678814888,0.12356209754943848,ranger,gelu,robust
100,2.1770562226496843,0.13323912024497986,0.1275477558374405,ranger,gelu,robust
150,2.115190554880039,0.12864167988300323,0.1347440928220749,ranger,gelu,robust
200,2.006915187218713,0.12259842455387115,0.13978688418865204,ranger,gelu,robust
250,1.8671297649400842,0.11575382947921753,0.1436453014612198,ranger,gelu,robust
300,1.704748027885745,0.11209326982498169,0.1465681493282318,ranger,gelu,robust
350,1.5343176942190873,0.10698479413986206,0.14765696227550507,ranger,gelu,robust
400,1.3658407787570732,0.1008564829826355,0.14612071216106415,ranger,gelu,robust
450,1.2062515296090706,0.09409260749816895,0.1435437798500061,ranger,gelu,robust
500,1.1009764519382297,0.08705025911331177,0.14089880883693695,ranger,gelu,robust
550,1.0124475886924222,0.08003658056259155,0.13848547637462616,ranger,gelu,robust
600,0.9279010309608638,0.07324570417404175,0.1364665925502777,ranger,gelu,robust
650,0.8479373215258328,0.06681066751480103,0.13599753379821777,ranger,gelu,robust
700,0.7731515657254129,0.06076771020889282,0.13548387587070465,ranger,gelu,robust
750,0.7035733091901055,0.054971277713775635,0.13557422161102295,ranger,gelu,robust
800,0.6370263295260529,0.049245238304138184,0.13655929267406464,ranger,gelu,robust
850,0.5767785962054007,0.043919384479522705,0.13862287998199463,ranger,gelu,robust
900,0.5216424534956389,0.0391080379486084,0.13914796710014343,ranger,gelu,robust
950,0.47108054433648217,0.03476041555404663,0.14070351421833038,ranger,gelu,robust
1000,0.4250419991445947,0.030822455883026123,0.1666051149368286,ranger,gelu,robust
1050,0.40250189312935103,0.02726757526397705,0.18795987963676453,ranger,gelu,robust
1100,0.40894192341942065,0.02405637502670288,0.18679867684841156,ranger,gelu,robust
1150,0.40142855474767275,0.02116096019744873,0.1865771859884262,ranger,gelu,robust
1200,0.38747515578585523,0.018561363220214844,0.18580375611782074,ranger,gelu,robust
1250,0.36922840329732465,0.016228556632995605,0.1846153736114502,ranger,gelu,robust
1300,0.34883497404543756,0.014150083065032959,0.18486739695072174,ranger,gelu,robust
1350,0.32522152964851564,0.01229947805404663,0.18394649028778076,ranger,gelu,robust
1400,0.30268142363327194,0.01066732406616211,0.18451844155788422,ranger,gelu,robust
1450,0.28228799438138485,0.009240388870239258,0.1834951490163803,ranger,gelu,robust
1500,0.26082122674781943,0.008002519607543945,0.18114995956420898,ranger,gelu,robust
1,2.1981970056770956,0.13531190156936646,0.12310327589511871,ranger,gelu,sobolev
50,2.1964098553443208,0.1351620852947235,0.12344194948673248,ranger,gelu,sobolev
100,2.1788611920766865,0.13374283909797668,0.12611901760101318,ranger,gelu,sobolev
150,2.119412238961589,0.12992310523986816,0.1303952932357788,ranger,gelu,sobolev
200,2.01445436737254,0.12459827214479446,0.13301962614059448,ranger,gelu,sobolev
250,1.8780518215192712,0.11818507313728333,0.13457784056663513,ranger,gelu,sobolev
300,1.720779054620789,0.11080534756183624,0.13515734672546387,ranger,gelu,sobolev
350,1.557173565065855,0.10275018960237503,0.134219691157341,ranger,gelu,sobolev
400,1.396997333990372,0.09436729550361633,0.13180041313171387,ranger,gelu,sobolev
450,1.246664580202331,0.08883190155029297,0.13193848729133606,ranger,gelu,sobolev
500,1.109998285549951,0.08398151397705078,0.13639108836650848,ranger,gelu,sobolev
550,1.037664882592533,0.07983207702636719,0.13609915971755981,ranger,gelu,sobolev
600,0.9751279197547077,0.07655394077301025,0.1367797553539276,ranger,gelu,sobolev
650,0.9209243314799551,0.07418280839920044,0.13799002766609192,ranger,gelu,sobolev
700,0.8753074502586287,0.0726361870765686,0.13985593616962433,ranger,gelu,sobolev
750,0.8350572609456935,0.07166701555252075,0.14305926859378815,ranger,gelu,sobolev
800,0.8001737635411498,0.07098901271820068,0.1455976366996765,ranger,gelu,sobolev
850,0.7717302964266757,0.07034558057785034,0.14785726368427277,ranger,gelu,sobolev
900,0.7556302207015017,0.0695459246635437,0.15000000596046448,ranger,gelu,sobolev
950,0.7406034833580059,0.0684921145439148,0.1498548686504364,ranger,gelu,sobolev
1000,0.7220042141561079,0.06713753938674927,0.1485884189605713,ranger,gelu,sobolev
1050,0.7037663712146909,0.06549078226089478,0.14814814925193787,ranger,gelu,sobolev
1100,0.6833828341805548,0.06356114149093628,0.14747633039951324,ranger,gelu,sobolev
1150,0.6619265483671231,0.06141674518585205,0.1478758156299591,ranger,gelu,sobolev
1200,0.6383246339723481,0.05903583765029907,0.14717140793800354,ranger,gelu,sobolev
1250,0.6136499052869014,0.056478917598724365,0.1474900096654892,ranger,gelu,sobolev
1300,0.5868295480201117,0.05380392074584961,0.14744186401367188,ranger,gelu,sobolev
1350,0.5610820050439935,0.051042020320892334,0.1469726711511612,ranger,gelu,sobolev
1400,0.5353344620678754,0.048248887062072754,0.14645427465438843,ranger,gelu,sobolev
1450,0.5095869190917571,0.04547238349914551,0.14656572043895721,ranger,gelu,sobolev
1500,0.4827665618249674,0.04277992248535156,0.1457858681678772,ranger,gelu,sobolev
1,2.1981970056770956,0.13531190156936646,0.12310327589511871,ranger,gelu,sup
50,2.1963841748849937,0.13512635231018066,0.12356271594762802,ranger,gelu,sup
100,2.1828720605507996,0.13391883671283722,0.12588761746883392,ranger,gelu,sup
150,2.1430010510811965,0.1315767616033554,0.1277385801076889,ranger,gelu,sup
200,2.0522743466875055,0.12712930142879486,0.1286558210849762,ranger,gelu,sup
250,1.9288514387056448,0.12149437516927719,0.1284569948911667,ranger,gelu,sup
300,1.7799899393961032,0.11486732959747314,0.12727676331996918,ranger,gelu,sup
350,1.619402820971384,0.1075122132897377,0.12469625473022461,ranger,gelu,sup
400,1.4571137170024753,0.09970961511135101,0.11971388012170792,ranger,gelu,sup
450,1.3005596098969014,0.09172601997852325,0.11821230500936508,ranger,gelu,sup
500,1.1550059109760134,0.08379088342189789,0.11905592679977417,ranger,gelu,sup
550,1.0233367585609403,0.0760931745171547,0.12106592208147049,ranger,gelu,sup
600,0.9112642860448507,0.0687732845544815,0.12283429503440857,ranger,gelu,sup
650,0.8332438405512089,0.0619255006313324,0.12210127711296082,ranger,gelu,sup
700,0.7608111878594012,0.05559709668159485,0.12165198475122452,ranger,gelu,sup
750,0.6942804550165556,0.04981023818254471,0.1219928041100502,ranger,gelu,sup
800,0.6341881801907594,0.04456309974193573,0.12243204563856125,ranger,gelu,sup
850,0.579461287045838,0.03981935977935791,0.12404930591583252,ranger,gelu,sup
900,0.5300997428261033,0.03550949692726135,0.12711022794246674,ranger,gelu,sup
950,0.48449399853866876,0.03151451796293259,0.1293126791715622,ranger,gelu,sup
1000,0.4427520824422861,0.027873121201992035,0.13222156465053558,ranger,gelu,sup
1050,0.40303856232019014,0.02473384141921997,0.15434925258159637,ranger,gelu,sup
1100,0.3654717189614507,0.022438406944274902,0.174288809299469,ranger,gelu,sup
1150,0.34346828213704617,0.020250141620635986,0.1911880522966385,ranger,gelu,sup
1200,0.3391749286103331,0.018165647983551025,0.19013524055480957,ranger,gelu,sup
1250,0.3316615599385852,0.01618748903274536,0.18949958682060242,ranger,gelu,sup
1300,0.31770816097676774,0.01432865858078003,0.18803419172763824,ranger,gelu,sup
1350,0.3037547620149502,0.012593626976013184,0.18705035746097565,ranger,gelu,sup
1400,0.2887280246714545,0.010991513729095459,0.18744052946567535,ranger,gelu,sup
1450,0.2726279489462804,0.009525537490844727,0.1854838728904724,ranger,gelu,sup
1500,0.2565278732211064,0.008195459842681885,0.18502673506736755,ranger,gelu,sup
1,2.1981970056770956,0.13474810123443604,0.12489182502031326,ranger,mish,quadratic
50,2.1957892005696613,0.1345011591911316,0.12538671493530273,ranger,mish,quadratic
100,2.1733281012736745,0.13237138092517853,0.12981659173965454,ranger,mish,quadratic
150,2.105446916929369,0.12797947227954865,0.13549168407917023,ranger,mish,quadratic
200,1.9827082097567277,0.12220250815153122,0.13739413022994995,ranger,mish,quadratic
250,1.8260078812602905,0.11552644520998001,0.13712145388126373,ranger,mish,quadratic
300,1.6532340746572682,0.10804907232522964,0.13465912640094757,ranger,mish,quadratic
350,1.4810093844064938,0.10003397613763809,0.12998373806476593,ranger,mish,quadratic
400,1.3191395532429282,0.09180466085672379,0.12450481206178665,ranger,mish,quadratic
450,1.1727137668869263,0.08364804089069366,0.12507310509681702,ranger,mish,quadratic
500,1.0432581783499373,0.07578326761722565,0.1275331974029541,ranger,mish,quadratic
550,0.9593303100517632,0.06841057538986206,0.12759904563426971,ranger,mish,quadratic
600,0.8938726535450925,0.06419694423675537,0.12753453850746155,ranger,mish,quadratic
650,0.8375361458959086,0.06093180179595947,0.12896141409873962,ranger,mish,quadratic
700,0.7892477107680368,0.05851387977600098,0.13082556426525116,ranger,mish,quadratic
750,0.749190190411432,0.05680727958679199,0.13295912742614746,ranger,mish,quadratic
800,0.7153800313885665,0.05564999580383301,0.13556209206581116,ranger,mish,quadratic
850,0.6863998950832533,0.05489039421081543,0.13894735276699066,ranger,mish,quadratic
900,0.6620881649313076,0.05436640977859497,0.1421198844909668,ranger,mish,quadratic
950,0.643688705425706,0.05395019054412842,0.1456410139799118,ranger,mish,quadratic
1000,0.6372518196816764,0.05350172519683838,0.148116797208786,ranger,mish,quadratic
1050,0.63296056251899,0.05295509099960327,0.14870689809322357,ranger,mish,quadratic
1100,0.6265236767749606,0.052243590354919434,0.1479371190071106,ranger,mish,quadratic
1150,0.620086791030931,0.05139869451522827,0.14712339639663696,ranger,mish,quadratic
1200,0.6107295391749352,0.050356149673461914,0.1467318832874298,ranger,mish,quadratic
1250,0.5999961553581525,0.04917186498641968,0.14577548205852509,ranger,mish,quadratic
1300,0.5914094483047264,0.04789191484451294,0.14588893949985504,ranger,mish,quadratic
1350,0.581749402869622,0.0465390682220459,0.1539897322654724,ranger,mish,quadratic
1400,0.5710160190528393,0.04513424634933472,0.16698291897773743,ranger,mish,quadratic
1450,0.5613559736177349,0.04371613264083862,0.1800193041563034,ranger,mish,quadratic
1500,0.5710160190528393,0.0423392653465271,0.18300655484199524,ranger,mish,quadratic
1,2.1981970056770956,0.13474810123443604,0.12489182502031326,ranger,mish,robust
50,2.1957521211309388,0.13447412848472595,0.12550818920135498,ranger,mish,robust
100,2.170066289870857,0.1317039430141449,0.13182316720485687,ranger,mish,robust
150,2.090385851624936,0.1265251338481903,0.13859842717647552,ranger,mish,robust
200,1.9632886726180014,0.12007246911525726,0.14235615730285645,ranger,mish,robust
250,1.8064050432919785,0.11432641744613647,0.14498887956142426,ranger,mish,robust
300,1.633572538496208,0.1090577244758606,0.14622068405151367,ranger,mish,robust
350,1.458857760849951,0.10265624523162842,0.14488358795642853,ranger,mish,robust
400,1.290967827315417,0.09556818008422852,0.14079797267913818,ranger,mish,robust
450,1.1385341237043523,0.08814722299575806,0.14107884466648102,ranger,mish,robust
500,1.0462494932819326,0.08071500062942505,0.13697943091392517,ranger,mish,robust
550,0.9582572337155882,0.07352954149246216,0.13455741107463837,ranger,mish,robust
600,0.8756303558301186,0.06675606966018677,0.13291329145431519,ranger,mish,robust
650,0.7989053977936111,0.06050080060958862,0.1331360936164856,ranger,mish,robust
700,0.729333430350384,0.05483478307723999,0.1331893503665924,ranger,mish,robust
750,0.6674535466121823,0.04976934194564819,0.13425198197364807,ranger,mish,robust
800,0.6123395467474526,0.045285165309906006,0.13705693185329437,ranger,mish,robust
850,0.561892642808574,0.04135918617248535,0.14028523862361908,ranger,mish,robust
900,0.5184224383506041,0.03796893358230591,0.14401622116565704,ranger,mish,robust
950,0.4977859618943697,0.03506970405578613,0.17519845068454742,ranger,mish,robust
1000,0.5216424534956389,0.03257489204406738,0.18759611248970032,ranger,mish,robust
1050,0.5796027261062654,0.030440807342529297,0.1861531287431717,ranger,mish,robust
1100,0.6343429835718571,0.028612911701202393,0.1853720098733902,ranger,mish,robust
1150,0.6762031804573096,0.02705073356628418,0.18406592309474945,ranger,mish,robust
1200,0.7159167005794057,0.02568817138671875,0.18367347121238708,ranger,mish,robust
1250,0.749190190411432,0.02448427677154541,0.18320341408252716,ranger,mish,robust
1300,0.777096988335067,0.02343297004699707,0.18246930837631226,ranger,mish,robust
1350,0.8028571094953455,0.02252185344696045,0.18226927518844604,ranger,mish,robust
1400,0.8232505387472326,0.02169746160507202,0.18170103430747986,ranger,mish,robust
1450,0.8414972912357632,0.02096778154373169,0.18184684216976166,ranger,mish,robust
1500,0.8554506901975807,0.02034294605255127,0.18167749047279358,ranger,mish,robust
1,2.1981970056770956,0.13474810123443604,0.12489182502031326,ranger,mish,sobolev
50,2.1957779326130176,0.13452161848545074,0.12526802718639374,ranger,mish,sobolev
100,2.172190299698175,0.13261549174785614,0.12855744361877441,ranger,mish,sobolev
150,2.0921191516067745,0.1282568722963333,0.13171927630901337,ranger,mish,sobolev
200,1.965785311151068,0.12252868711948395,0.13217732310295105,ranger,mish,sobolev
250,1.8077927052549123,0.11576313525438309,0.13096946477890015,ranger,mish,sobolev
300,1.635987287809481,0.10814978927373886,0.12759403884410858,ranger,mish,sobolev
350,1.4650454413203047,0.1000308245420456,0.1222812607884407,ranger,mish,sobolev
400,1.3044500684622302,0.09176499396562576,0.11887805163860321,ranger,mish,sobolev
450,1.1592316567628649,0.08363936096429825,0.11974844336509705,ranger,mish,sobolev
500,1.0311510864932734,0.07586143165826797,0.12218314409255981,ranger,mish,sobolev
550,0.9319668634793025,0.06856252253055573,0.12426035851240158,ranger,mish,sobolev
600,0.8665092069726318,0.06180877983570099,0.12462098151445389,ranger,mish,sobolev
650,0.809099622987273,0.056105077266693115,0.1256493628025055,ranger,mish,sobolev
700,0.7613477260274886,0.05364888906478882,0.12746115028858185,ranger,mish,sobolev
750,0.7207467232969579,0.052051663398742676,0.13010205328464508,ranger,mish,sobolev
800,0.6885465718466098,0.05119091272354126,0.13282443583011627,ranger,mish,sobolev
850,0.6622497814954922,0.05092138051986694,0.13656213879585266,ranger,mish,sobolev
900,0.6407830138619268,0.0510404109954834,0.14026685059070587,ranger,mish,sobolev
950,0.6225362613733962,0.05133771896362305,0.14393401145935059,ranger,mish,sobolev
1000,0.6147227195775731,0.05159991979598999,0.14688041806221008,ranger,mish,sobolev
1050,0.6147227195775731,0.051673829555511475,0.1491522639989853,ranger,mish,sobolev
1100,0.6115042767055583,0.05145341157913208,0.1497541218996048,ranger,mish,sobolev
1150,0.6061402052522004,0.05093812942504883,0.14859981834888458,ranger,mish,sobolev
1200,0.5954120623454844,0.050078749656677246,0.1480972021818161,ranger,mish,sobolev
1250,0.58575673372944,0.04894685745239258,0.14726506173610687,ranger,mish,sobolev
1300,0.5739557765320525,0.047618329524993896,0.14749403297901154,ranger,mish,sobolev
1350,0.5600091907533219,0.04613840579986572,0.146900936961174,ranger,mish,sobolev
1400,0.5471354192652629,0.04457062482833862,0.1458541452884674,ranger,mish,sobolev
1450,0.5331888334865321,0.04295450448989868,0.1468781977891922,ranger,mish,sobolev
1500,0.5205691151139606,0.041369855403900146,0.14600840210914612,ranger,mish,sobolev
1,2.1981970056770956,0.13474810123443604,0.12489182502031326,ranger,mish,sup
50,2.195735481241477,0.13446123898029327,0.1255091428756714,ranger,mish,sup
100,2.1797545051975704,0.13312922418117523,0.1279914379119873,ranger,mish,sup
150,2.120632191802385,0.13013741374015808,0.12896142899990082,ranger,mish,sup
200,2.0083379632790948,0.12517207860946655,0.12833616137504578,ranger,mish,sup
250,1.8641192551749692,0.1190478727221489,0.12659071385860443,ranger,mish,sup
300,1.7015703330894996,0.11201423406600952,0.1235995814204216,ranger,mish,sup
350,1.5340325887114539,0.10436341911554337,0.11867513507604599,ranger,mish,sup
400,1.370418713700413,0.09639155864715576,0.11467154324054718,ranger,mish,sup
450,1.2172183959693286,0.08836374431848526,0.11490178108215332,ranger,mish,sup
500,1.078003250217342,0.08049416542053223,0.11613751202821732,ranger,mish,sup
550,0.9547521130629202,0.07295512408018112,0.11796920746564865,ranger,mish,sup
600,0.8547053672747075,0.06585973501205444,0.11925618350505829,ranger,mish,sup
650,0.7806631000786374,0.059290483593940735,0.11950137466192245,ranger,mish,sup
700,0.7130592908996167,0.05327717214822769,0.11903445422649384,ranger,mish,sup
750,0.6524304779057333,0.04783666878938675,0.12013706564903259,ranger,mish,sup
800,0.5982401229288993,0.04296240210533142,0.12147887051105499,ranger,mish,sup
850,0.5494151168772521,0.03862476348876953,0.1245807334780693,ranger,mish,sup
900,0.5070286015983423,0.03479239344596863,0.12739750742912292,ranger,mish,sup
950,0.4689343916641323,0.03141891956329346,0.14333896338939667,ranger,mish,sup
1000,0.435132487074622,0.0284661203622818,0.1748865395784378,ranger,mish,sup
1050,0.44436209001480353,0.025892317295074463,0.19288727641105652,ranger,mish,sup
1100,0.48514894851857776,0.023657485842704773,0.19018743932247162,ranger,mish,sup
1150,0.5216424534956389,0.021718829870224,0.18891170620918274,ranger,mish,sup
1200,0.5506225898009521,0.020041421055793762,0.18816682696342468,ranger,mish,sup
1250,0.5763827109612306,0.018591150641441345,0.18723073601722717,ranger,mish,sup
1300,0.6012319619519013,0.01733754575252533,0.1833242028951645,ranger,mish,sup
1350,0.6276896482420693,0.016256943345069885,0.18059778213500977,ranger,mish,sup
1400,0.6505583593185006,0.015326157212257385,0.1786748766899109,ranger,mish,sup
1450,0.6702778075357987,0.014524519443511963,0.17653867602348328,ranger,mish,sup
1500,0.6872337238748792,0.013957619667053223,0.17523016035556793,ranger,mish,sup
